,Title,keyword,OpenDate,date_from,date_to,blog_result,blog_result_01,blog_result_02
0,언니,영화 언니,2019-01-01,20181202,20190302,0,40685.0,662.0
1,데드풀 2: 순한맛,데드풀 2,2019-01-03,20181204,20190304,0,1983.0,1048.0
2,레인보우: 나의 사랑,레인보우 나의 사랑,2019-01-03,20181204,20190304,0,196.0,147.0
3,레토,영화 레토,2019-01-03,20181204,20190304,0,1099.0,271.0
4,미션 이스탄불 5: 더 파이널,미션 이스탄불 5,2019-01-03,20181204,20190304,0,42.0,13.0
5,주먹왕 랄프 2: 인터넷 속으로,주먹왕 랄프 2,2019-01-03,20181204,20190304,0,6476.0,5079.0
6,아이스브레이커,영화 아이스브레이커,2019-01-04,20181205,20190305,0,15.0,3.0
7,그린 북,영화 그린북,2019-01-09,20181210,20190310,0,4142.0,1279.0
8,내안의 그놈,내안의 그놈,2019-01-09,20181210,20190310,0,6093.0,4640.0
9,말모이,말모이,2019-01-09,20181210,20190310,0,10764.0,10652.0
10,극장판 공룡메카드: 타이니소어의 섬,극장판 공룡메카드 타이니소어의 섬,2019-01-10,20181211,20190311,0,828.0,356.0
11,돈 겟 아웃!,돈겟아웃,2019-01-10,20181211,20190311,0,165.0,4.0
12,디스 크레이지 하트,다스 크레이지 하트,2019-01-10,20181211,20190311,0,0.0,0.0
13,리지,영화 리지,2019-01-10,20181211,20190311,0,806.0,141.0
14,빌리어네어 보이즈클럽,빌리어네어 보이즈클럽,2019-01-10,20181211,20190311,0,343.0,337.0
15,사무라이-검신 주베에,사무라이 검신 주베에,2019-01-10,20181211,20190311,0,2.0,1.0
16,신 배틀로얄:극악 소년원,신 배틀로얄 극악 소년원,2019-01-10,20181211,20190311,0,3.0,2.0
17,신 배틀로얄:극악 소년원 2,신 배틀로얄 극악 소년원 2,2019-01-10,20181211,20190311,0,7.0,1.0
18,완벽한 그녀의 비밀,완벽한 그녀의 비밀,2019-01-10,20181211,20190311,0,55.0,11.0
19,요코하마 갱스터,요코하마 갱스터,2019-01-10,20181211,20190311,0,3.0,2.0
20,아스트로: 우주전쟁,아스트로 우주전쟁,2019-01-11,20181212,20190312,0,17.0,1.0
21,구스 베이비,구스 베이비,2019-01-16,20181217,20190317,0,894.0,433.0
22,그대 이름은 장미,그대 이름은 장미,2019-01-16,20181217,20190317,0,1278.0,1179.0
23,미래의 미라이,미래의 미라이,2019-01-16,20181217,20190317,0,2485.0,1524.0
24,언더독,영화 언더독,2019-01-16,20181217,20190317,0,1637.0,450.0
25,왕이 될 아이,왕이 될 아이,2019-01-16,20181217,20190317,0,6120.0,470.0
26,쿠르스크,영화 쿠르스크,2019-01-16,20181217,20190317,0,795.0,288.0
27,글래스,영화 글래스,2019-01-17,20181218,20190318,0,3086.0,738.0
28,더 서치,영화 더 서치,2019-01-17,20181218,20190318,0,143.0,20.0
29,디 엔드?,영화 디 엔드,2019-01-17,20181218,20190318,0,68.0,2.0
30,메이트,영화 메이트,2019-01-17,20181218,20190318,0,5432.0,149.0
31,언싱커블,언싱커블,2019-01-17,20181218,20190318,0,69.0,69.0
32,우행록: 어리석은 자의 기록,우행록 어리석은 자의 기록,2019-01-17,20181218,20190318,0,100.0,62.0
33,일일시호일,일일시호일,2019-01-17,20181218,20190318,0,1168.0,1147.0
34,창간호,영화 창간호,2019-01-17,20181218,20190318,0,244.0,22.0
35,극한직업,극한직업,2019-01-23,20181224,20190324,0,40686.0,40238.0
36,"두 번째 여름, 두 번 다시 만날 수 없는 너",두번째 여름,2019-01-23,20181224,20190324,0,37714.0,216.0
37,몬스터파크,몬스터파크,2019-01-23,20181224,20190324,0,1809.0,378.0
38,크리미널 게임: 보석 사기단,크리미널 게임 보석 사기단,2019-01-23,20181224,20190324,0,88.0,86.0
39,행맨,행맨,2019-01-23,20181224,20190324,0,277.0,275.0
40,가버나움,영화 가버나움,2019-01-24,20181225,20190325,0,2590.0,893.0
41,데들리 스토커,데들리 스토커,2019-01-24,20181225,20190325,0,9.0,4.0
42,베스와 베라,베스와 베라,2019-01-24,20181225,20190325,0,288.0,191.0
43,아이 킬 자이언츠,아이 킬 자이언츠,2019-01-24,20181225,20190325,0,79.0,73.0
44,얼굴들,영화 얼굴들,2019-01-24,20181225,20190325,0,2216.0,63.0
45,파이널리스트,파이널리스트,2019-01-24,20181225,20190325,0,895.0,342.0
46,하트스트링스,하트스트링스,2019-01-24,20181225,20190325,0,20.0,9.0
47,트라이아스기 월드: 잃어버린 세계,트라이아스기 월드 잃어버린 세계,2019-01-29,20181230,20190330,0,2.0,2.0
48,고검기담: 소명신검의 부활,고검기담 소명신검의 부활,2019-01-30,20181231,20190331,0,37.0,35.0
49,드래곤 길들이기 3,드래곤 길들이기 3,2019-01-30,20181231,20190331,0,4039.0,3974.0
50,뺑반,뺑반,2019-01-30,20181231,20190331,0,6369.0,6311.0
51,이월,영화 이월,2019-01-30,20181231,20190331,0,1012.0,37.0
52,jk닌자걸스,jk닌자걸스,2019-01-31,20190101,20190401,0,8.0,8.0
53,극장판 헬로카봇: 옴파로스 섬의 비밀,극장판 헬로카봇 옴파로스 섬의 비밀,2019-01-31,20190101,20190401,0,1145.0,476.0
54,우리가족: 라멘샵,우리가족 라멘샵,2019-01-31,20190101,20190401,0,322.0,289.0
55,시인 할매,시인 할매,2019-02-05,20190106,20190406,0,617.0,415.0
56,알리타: 배틀 엔젤,알리타 배틀앤젤,2019-02-05,20190106,20190406,0,4117.0,120.0
57,툼 인베이더,툼 인베이더,2019-02-05,20190106,20190406,0,4.0,3.0
58,레고 무비 2,레고 무비 2,2019-02-06,20190107,20190407,0,1770.0,1347.0
59,사랑은 비가 갠 뒤처럼,사랑은 비가 갠 뒤처럼,2019-02-07,20190108,20190408,0,889.0,582.0
60,아이스,영화 아이스,2019-02-07,20190108,20190408,0,13062.0,179.0
61,일진3,일진 3,2019-02-07,20190108,20190408,0,5028.0,51.0
62,챔피언스,영화 챔피언스,2019-02-07,20190108,20190408,0,569.0,25.0
63,콜드 워,영화 콜드워,2019-02-07,20190108,20190408,0,707.0,167.0
64,기묘한 가족,기묘한 가족,2019-02-13,20190114,20190414,0,3786.0,1879.0
65,신밧드와 마법 양탄자,신밧드와 마법 양탄자,2019-02-13,20190114,20190414,0,203.0,190.0
66,증인,영화 증인,2019-02-13,20190114,20190414,0,9212.0,3300.0
67,닥터 킬러 패밀리,닥터 킬러 패밀리,2019-02-14,20190115,20190415,0,40.0,1.0
68,도쿄의 밤하늘은 항상 가장 짙은 블루,도쿄의 밤하늘은 항상 가장 짙은 블루,2019-02-14,20190115,20190415,0,417.0,366.0
69,드래곤볼 슈퍼: 브로리,드래곤볼 슈퍼 브로리,2019-02-14,20190115,20190415,0,1221.0,946.0
70,러브라이브! 선샤인!! 더 스쿨 아이돌 무비 오버 더 레인보우,러브라이브 선샤인 더 스쿨 아이돌 무비 오버 더 레인보우,2019-02-14,20190115,20190415,0,329.0,145.0
71,메리 포핀스 리턴즈,메리 포핀스 리턴즈,2019-02-14,20190115,20190415,0,1966.0,1923.0
72,"메리, 퀸 오브 스코틀랜드",메리 퀸 오브 스코틀랜드,2019-02-14,20190115,20190415,0,189.0,162.0
73,명탐정 코난:전율의 악보,명탐정 코난 전율의 악보,2019-02-14,20190115,20190415,0,507.0,333.0
74,타임 워프 워,타임 워프 워,2019-02-14,20190115,20190415,0,34.0,25.0
75,해피 데스데이 2 유,해피 데스데이 2 유,2019-02-14,20190115,20190415,0,2348.0,905.0
76,해피니스 로드,해피니스 로드,2019-02-14,20190115,20190415,0,34.0,19.0
77,험악한 꿈,험악한 꿈,2019-02-14,20190115,20190415,0,1085.0,122.0
78,5 솔저스,5 솔저스,2019-02-18,20190119,20190419,0,23.0,5.0
79,치트 더 행맨,치트 더 행맨,2019-02-19,20190120,20190420,0,3.0,2.0
80,포 핸즈,영화 포 핸즈,2019-02-19,20190120,20190420,0,20.0,1.0
81,모험왕 블링키,모험왕 블링키,2019-02-20,20190121,20190421,0,210.0,195.0
82,사바하,영화 사바하,2019-02-20,20190121,20190421,0,6935.0,2490.0
83,신데렐라:마법 반지의 비밀,신데렐라 마법 반지의 비밀,2019-02-20,20190121,20190421,0,547.0,418.0
84,콜드 체이싱,콜드 체이싱,2019-02-20,20190121,20190421,0,666.0,650.0
85,CCTV: 은밀한 시선,CCTV 은밀한 시선,2019-02-21,20190122,20190422,0,35.0,31.0
86,더 페이버릿: 여왕의 여자,더 페이버릿 여왕의 여자,2019-02-21,20190122,20190422,0,2000.0,1624.0
87,마지막 8월 어느 기념비의 이야기,마지막 8월 어느 기념비의 이야기,2019-02-21,20190122,20190422,0,4462.0,2.0
88,살인마 잭의 집,살인마 잭의 집,2019-02-21,20190122,20190422,0,604.0,543.0
89,허비 행콕: 무한한 가능성,허비 행콕 무한한 가능성,2019-02-21,20190122,20190422,0,50.0,46.0
90,에이리언 어택 2019,에이리언 어택 2019,2019-02-23,20190124,20190424,0,9.0,7.0
91,엽문 외전,엽문 외전,2019-02-25,20190126,20190426,0,149.0,134.0
92,더 와이프,영화 더 와이프,2019-02-27,20190128,20190428,0,4084.0,189.0
93,래미의 초특급 시간여행,레미의 초특급 시간여행,2019-02-27,20190128,20190428,0,4.0,4.0
94,빠삐용,영화 빠삐용,2019-02-27,20190128,20190428,0,720.0,257.0
95,슈퍼미니 2,슈퍼미니2,2019-02-27,20190128,20190428,0,7144.0,264.0
96,"어쩌다, 결혼",영화 어쩌다 결혼,2019-02-27,20190128,20190428,0,2076.0,261.0
97,옷코는 초등학생 사장님!,옷코는 초등학생 사장님,2019-02-27,20190128,20190428,0,234.0,226.0
98,자전차왕 엄복동,자전차왕 엄복동,2019-02-27,20190128,20190428,0,2233.0,1946.0
99,칠곡 가시나들,칠곡 가시나들,2019-02-27,20190128,20190428,0,722.0,524.0
100,퍼미션,영화 퍼미션,2019-02-27,20190128,20190428,0,151.0,26.0
101,항거: 유관순 이야기,항거 유관순 이야기,2019-02-27,20190128,20190428,0,3744.0,3609.0
102,600결사대,600결사대,2019-02-28,20190129,20190429,0,33.0,11.0
103,국경의 왕,영화 국경의 왕,2019-02-28,20190129,20190429,0,755.0,15.0
104,블레이드 소울,영화 블레이드 소울,2019-02-28,20190129,20190429,0,157.0,3.0
105,실화: 숨겨진 비밀,영화 실화 숨겨진 비밀,2019-02-28,20190129,20190429,0,49.0,8.0
106,캡틴 마블 : 예고편 ,캡틴 마블,2019-03-06,20190204,20190505,0,24994.0,24495.0
107,각자의 미식,각자의 미식,2019-03-07,20190205,20190506,0,644.0,26.0
108,그때 그들,영화 그때 그들,2019-03-07,20190205,20190506,0,258989.0,44.0
109,그때 그들 확장판 1: 욕망의 부활,영화 그때 그들 확장판,2019-03-07,20190205,20190506,0,259531.0,1.0
110,나는 다른 언어로 꿈을 꾼다,나는 다른 언어로 꿈을 꾼다,2019-03-07,20190205,20190506,0,12226.0,206.0
111,내가 사는 세상,영화 내가 사는 세상,2019-03-07,20190205,20190506,0,275.0,39.0
112,리노,영화 리노,2019-03-07,20190205,20190506,0,1104.0,26.0
113,브라더 오브 더 이어,브라더 오브 더 이어,2019-03-07,20190205,20190506,0,265.0,208.0
114,타임 트랩 킬러,타임 트랩 킬러,2019-03-07,20190205,20190506,0,48.0,27.0
115,1919 유관순,영화 1919 유관순,2019-03-14,20190212,20190513,0,1763.0,190.0
116,라스트 미션,영화 라스트 미션,2019-03-14,20190212,20190513,0,1066.0,334.0
117,무법자 난공불락 대열차,무법자 난공불락 대열차,2019-03-14,20190212,20190513,0,20.0,19.0
118,미결처리반 Q 4: 순수의 배신,미결처리반 Q 4 순수의 배신,2019-03-14,20190212,20190513,0,87.0,1.0
119,봄은 온다,영화 봄은 온다,2019-03-14,20190212,20190513,0,73.0,14.0
120,숲속왕국의 꿀벌 여왕,숲속왕국의 꿀벌 여왕,2019-03-14,20190212,20190513,0,220.0,181.0
121,아사코,영화 아사코,2019-03-14,20190212,20190513,0,675.0,180.0
122,에브리타임 룩 앳 유,에브리타임 룩 앳 유,2019-03-14,20190212,20190513,0,173.0,121.0
123,엔젤페이스,영화 엔젤페이스,2019-03-14,20190212,20190513,0,87.0,23.0
124,이스케이프 룸,영화 이스케이프 룸,2019-03-14,20190212,20190513,0,1790.0,377.0
125,질투의 역사,영화 질투의 역사,2019-03-14,20190212,20190513,0,1190.0,93.0
126,철벽선생,철벽선생,2019-03-14,20190212,20190513,0,989.0,563.0
127,히치하이크,영화 히치하이크,2019-03-14,20190212,20190513,0,215.0,28.0
128,몽 가르송,몽 가르송,2019-03-19,20190217,20190518,0,15.0,11.0
129,돈,영화 돈,2019-03-20,20190218,20190519,0,99363.0,3881.0
130,악질경찰,악질경찰,2019-03-20,20190218,20190519,0,1951.0,1931.0
131,우상,영화 우상,2019-03-20,20190218,20190519,0,5094.0,905.0
132,데스티네이션 콘트롤,데스티네이션 콘트롤,2019-03-21,20190219,20190520,0,3.0,3.0
133,무서운 이야기 : 오두막의 악마,무서운 이야기 오두막의 악마,2019-03-21,20190219,20190520,0,4.0,4.0
134,양지의 그녀,양지의 그녀,2019-03-21,20190219,20190520,0,943.0,931.0
135,원네이션,영화 원네이션,2019-03-21,20190219,20190520,0,280.0,9.0
136,정글북: 마법 원정대,정글북 마법 원정대,2019-03-21,20190219,20190520,0,135.0,120.0
137,짱,영화 짱,2019-03-22,20190220,20190521,0,19677.0,46.0
138,울프 SWAT,울프 SWAT,2019-03-25,20190223,20190524,0,13.0,5.0
139,쿵푸 워리어,영화 쿵푸 워리어,2019-03-26,20190224,20190525,0,11.0,0.0
140,강변호텔,영화 강변호텔,2019-03-27,20190225,20190526,0,1075.0,72.0
141,더 길티,더 길티,2019-03-27,20190225,20190526,0,582.0,582.0
142,덤보,영화 덤보,2019-03-27,20190225,20190526,0,2858.0,658.0
143,방문객,영화 방문객,2019-03-27,20190225,20190526,0,3149.0,16.0
144,선희와 슬기,선희와 슬기,2019-03-27,20190225,20190526,0,295.0,244.0
145,썬키스 패밀리,썬키스 패밀리,2019-03-27,20190225,20190526,0,467.0,454.0
146,아틱,영화 아틱,2019-03-27,20190225,20190526,0,496.0,148.0
147,어스,영화 어스,2019-03-27,20190225,20190526,0,6688.0,1995.0
148,장난스런 키스,영화 장난스런 키스,2019-03-27,20190225,20190526,0,1930.0,495.0
149,콜레트,영화 콜레트,2019-03-27,20190225,20190526,0,1214.0,362.0
150,루스 베이더 긴즈버그: 나는 반대한다,루스 베이더 긴즈버그 나는 반대한다,2019-03-28,20190226,20190527,0,282.0,260.0
151,심장소리,영화 심장소리,2019-03-28,20190226,20190527,0,408.0,1.0
152,출동! 도토리 구조대,출동 도토리 구조대,2019-03-28,20190226,20190527,0,118.0,115.0
153,고릴라와 슈퍼레이스,고릴라와 슈퍼레이스,2019-04-03,20190304,20190602,0,124.0,105.0
154,로망,영화 로망,2019-04-03,20190304,20190602,0,5203.0,328.0
155,생일,영화 생일,2019-04-03,20190304,20190602,0,27924.0,2330.0
156,샤잠!,샤잠,2019-04-03,20190304,20190602,0,3791.0,3770.0
157,아픈 만큼 사랑한다,아픈 만큼 사랑한다,2019-04-03,20190304,20190602,0,2053.0,207.0
158,나의 작은 시인에게,나의 작은 시인에게,2019-04-04,20190305,20190603,0,5448.0,432.0
159,막다른 골목의 추억,막다른 골목의 추억,2019-04-04,20190305,20190603,0,407.0,397.0
160,스마트폰을 떨어뜨렸을 뿐인데,스마트폰을 떨어뜨렸을 뿐인데,2019-04-04,20190305,20190603,0,195.0,152.0
161,예수보다 낯선,예수보다 낯선,2019-04-04,20190305,20190603,0,150.0,140.0
162,오늘도 평화로운,영화 오늘도 평화로운,2019-04-04,20190305,20190603,0,2236.0,45.0
163,우리들의 완벽한 세계,우리들의 완벽한 세계,2019-04-04,20190305,20190603,0,1501.0,146.0
164,파도치는 땅,파도치는 땅,2019-04-04,20190305,20190603,0,1521.0,158.0
165,프로디지,영화 프로디지,2019-04-04,20190305,20190603,0,200.0,50.0
166,한강에게,영화 한강에게,2019-04-04,20190305,20190603,0,327.0,51.0
167,공포의 묘지,영화 공포의 묘지,2019-04-10,20190311,20190609,0,754.0,228.0
168,키코리키: 시간여행,키코리키 시간여행,2019-04-10,20190311,20190609,0,150.0,145.0
169,파이브 피트,파이브 피트,2019-04-10,20190311,20190609,0,1139.0,1050.0
170,헬보이,헬보이 2019,2019-04-10,20190311,20190609,0,710.0,111.0
171,12번째 솔저,12번째 솔저,2019-04-11,20190312,20190610,0,74.0,70.0
172,미성년,영화 미성년,2019-04-11,20190312,20190610,0,3005.0,1020.0
173,바이스,영화 바이스,2019-04-11,20190312,20190610,0,1439.0,425.0
174,쎈놈,영화 쎈놈,2019-04-11,20190312,20190610,0,60.0,17.0
175,아이 엠 마더,영화 아이 엠 마더,2019-04-11,20190312,20190610,0,510.0,138.0
176,원펀치,영화 원펀치,2019-04-11,20190312,20190610,0,744.0,50.0
177,퍼스트 리폼드,퍼스트 리폼드,2019-04-11,20190312,20190610,0,362.0,356.0
178,필그리미지,영화 필그리미지,2019-04-11,20190312,20190610,0,103.0,24.0
179,벌레스크,영화 벌레스크,2019-04-16,20190317,20190615,0,8.0,1.0
180,체크 메이트 캅,체크 메이트 캅,2019-04-16,20190317,20190615,0,6.0,0.0
181,"다시, 봄","영화 다시, 봄",2019-04-17,20190318,20190616,0,761.0,203.0
182,똑딱똑딱 마법의 시계나라,똑딱똑딱 마법의 시계나라,2019-04-17,20190318,20190616,0,1517.0,74.0
183,미이라: 악령의 부활,미이라 악령의 부활,2019-04-17,20190318,20190616,0,5.0,5.0
184,왓칭,영화 왓칭,2019-04-17,20190318,20190616,0,631.0,218.0
185,요로나의 저주,요로나의 저주,2019-04-17,20190318,20190616,0,935.0,869.0
186,노무현과 바보들,노무현과 바보들,2019-04-18,20190319,20190617,0,585.0,492.0
187,던전에서 만남을 추구하면 안 되는 걸까? -오리온의 화살-,오리온의 화살,2019-04-18,20190319,20190617,0,154.0,96.0
188,러브리스,영화 러브리스,2019-04-18,20190319,20190617,0,302.0,86.0
189,뷰티플 마인드,뷰티플 마인드 2019,2019-04-18,20190319,20190617,0,79.0,1.0
190,스탈린이 죽었다!,스탈린이 죽었다,2019-04-18,20190319,20190617,0,400.0,256.0
191,유랑지구,유랑지구,2019-04-18,20190319,20190617,0,639.0,637.0
192,크게 될 놈,영화 크게 될 놈,2019-04-18,20190319,20190617,0,3722.0,178.0
193,아메리카 뮤직&와일드,아메리카 뮤직&와일드,2019-04-24,20190325,20190623,0,87.0,71.0
194,어벤져스: 엔드게임,어벤져스 엔드게임,2019-04-24,20190325,20190623,0,34569.0,30396.0
195,더 캡틴,더 캡틴,2019-04-25,20190326,20190624,0,17327.0,147.0
196,도우터 오브 마인,도우터 오브 마인,2019-04-25,20190326,20190624,0,63.0,62.0
197,메이데이,영화 메이데이,2019-04-25,20190326,20190624,0,143.0,0.0
198,베카신!,베카신,2019-04-25,20190326,20190624,0,149.0,148.0
199,뽀로로 극장판 보물섬 대모험,뽀로로 극장판 보물섬 대모험,2019-04-25,20190326,20190624,0,862.0,768.0
200,스카이 라인: 더 비욘드,스카이 라인 더 비욘드,2019-04-25,20190326,20190624,0,5.0,1.0
201,스피닝 맨,영화 스피닝 맨,2019-04-25,20190326,20190624,0,46.0,6.0
202,안도 타다오,영화 안도 타다오,2019-04-25,20190326,20190624,0,593.0,177.0
203,프로스펙트,영화 프로스펙트,2019-04-25,20190326,20190624,0,41.0,13.0
204,하트스톤,영화 하트스톤,2019-04-25,20190326,20190624,0,439.0,39.0
205,암드,영화 암드,2019-04-26,20190327,20190625,0,35.0,1.0
206,나의 특별한 형제,나의 특별한 형제,2019-05-01,20190401,20190630,0,8468.0,3114.0
207,대지진: 엔드 오브 더 월드,대지진 엔드 오브 더 월드,2019-05-01,20190401,20190630,0,860.0,1.0
208,어글리 돌,어글리 돌,2019-05-01,20190401,20190630,0,722.0,319.0
209,에일리언: 지구침공의 날,에일리언 지구침공의 날,2019-05-01,20190401,20190630,0,5.0,4.0
210,파업전야,영화 파업전야,2019-05-01,20190401,20190630,0,225.0,36.0
211,프렌즈: 둥지탈출,프렌즈: 둥지탈출,2019-05-01,20190401,20190630,0,125.0,116.0
212,굿바이 마이 러브NK: 붉은 청춘,굿바이 마이 러브NK 붉은 청춘,2019-05-02,20190402,20190701,0,228.0,214.0
213,미스 스티븐스,미스 스티븐스,2019-05-02,20190402,20190701,0,551.0,510.0
214,세계는 오늘부터 너의 것,세계는 오늘부터 너의 것,2019-05-07,20190407,20190706,0,40232.0,4.0
215,전원사형,전원사형,2019-05-07,20190407,20190706,0,671.0,27.0
216,메기의 추억,영화 메기의 추억,2019-05-08,20190408,20190707,0,18.0,2.0
217,호텔 뭄바이,호텔 뭄바이,2019-05-08,20190408,20190707,0,1176.0,892.0
218,걸캅스,걸캅스,2019-05-09,20190409,20190708,0,6923.0,6864.0
219,고양이 여행 리포트,고양이 여행 리포트,2019-05-09,20190409,20190708,0,542.0,443.0
220,라플라스의 마녀,라플라스의 마녀,2019-05-09,20190409,20190708,0,1084.0,982.0
221,매트리악,매트리악,2019-05-09,20190409,20190708,0,12.0,12.0
222,명탐정 피카츄,명탐정 피카츄,2019-05-09,20190409,20190708,0,3944.0,3747.0
223,벤 이즈 백,벤이즈백,2019-05-09,20190409,20190708,0,382.0,46.0
224,에이프릴의 딸,에이프릴의 딸,2019-05-09,20190409,20190708,0,375.0,126.0
225,우이 러브,우이 러브,2019-05-09,20190409,20190708,0,172.0,97.0
226,해안가로의 여행,해안가로의 여행,2019-05-09,20190409,20190708,0,8593.0,9.0
227,물의 기억,물의 기억,2019-05-15,20190415,20190714,0,268.0,261.0
228,배심원들,영화 배심원들,2019-05-15,20190415,20190714,0,2754.0,894.0
229,악인전,영화 악인전,2019-05-15,20190415,20190714,0,6170.0,2157.0
230,"각오는 됐나, 거기 여자",각오는 됐나 거기 여자,2019-05-16,20190416,20190715,0,95.0,56.0
231,교회오빠,영화 교회오빠,2019-05-16,20190416,20190715,0,602.0,219.0
232,나의 히어로 아카데미아 더 무비: 두 명의 히어로,나의 히어로 아카데미아 더 무비 두 명의 히어로,2019-05-16,20190416,20190715,0,269.0,126.0
233,논-픽션,논-픽션,2019-05-16,20190416,20190715,0,295.0,197.0
234,로지,영화 로지,2019-05-16,20190416,20190715,0,743.0,36.0
235,몬스터 랜드,영화 몬스터 랜드,2019-05-16,20190416,20190715,0,666.0,14.0
236,서스페리아,서스페리아,2019-05-16,20190416,20190715,0,1005.0,996.0
237,위대한 전진,위대한 전진,2019-05-16,20190416,20190715,0,2184.0,40.0
238,자칼,영화 자칼 2017,2019-05-16,20190416,20190715,0,10.0,0.0
239,뷰티풀 보이스,뷰티풀 보이스,2019-05-22,20190422,20190721,0,283.0,222.0
240,어린 의뢰인,어린 의뢰인,2019-05-22,20190422,20190721,0,3475.0,1489.0
241,김군,영화 김군,2019-05-23,20190423,20190722,0,703.0,178.0
242,너의 목소리,영화 너의 목소리,2019-05-23,20190423,20190722,0,352.0,11.0
243,더 보이,영화 더 보이,2019-05-23,20190423,20190722,0,919.0,261.0
244,돈키호테를 죽인 사나이,돈키호테를 죽인 사나이,2019-05-23,20190423,20190722,0,331.0,325.0
245,로제타,영화 로제타,2019-05-23,20190423,20190722,0,309.0,38.0
246,비질란테,영화 비질란테,2019-05-23,20190423,20190722,0,59.0,19.0
247,시민 노무현,시민 노무현,2019-05-23,20190423,20190722,0,4462.0,372.0
248,알라딘,영화 알라딘,2019-05-23,20190423,20190722,0,33436.0,8748.0
249,언더 더 씨2,언더 더 씨 2,2019-05-23,20190423,20190722,0,456.0,28.0
250,해피타임 스파이,해피타임 스파이,2019-05-23,20190423,20190722,0,159.0,150.0
251,기동전사 건담 내러티브,기동전사 건담 내러티브,2019-05-24,20190424,20190723,0,115.0,74.0
252,0.0mhz,0.0mhz,2019-05-29,20190429,20190728,0,867.0,794.0
253,고질라: 킹 오브 몬스터,고질라 킹오브몬스터,2019-05-29,20190429,20190728,0,1773.0,110.0
254,보희와 녹양,보희와 녹양,2019-05-29,20190429,20190728,0,377.0,340.0
255,우리 지금 만나,영화 우리 지금 만나,2019-05-29,20190429,20190728,0,216.0,46.0
256,파리의 딜릴리,파리의 딜릴리,2019-05-29,20190429,20190728,0,439.0,421.0
257,기생충 : 흑백판,기생충 흑백판,2019-05-30,20190430,20190729,0,18.0,0.0
258,소은이의 무릎,소은이의 무릎,2019-05-30,20190430,20190729,0,185.0,60.0
259,아녜스가 말하는 바르다,아녜스가 말하는 바르다,2019-05-30,20190430,20190729,0,291.0,261.0
260,아이 아이 가사: 다시 만난 그날,아이 아이 가사 다시 만난 그날,2019-05-30,20190430,20190729,0,13430.0,13429.0
261,옹알스,영화 옹알스,2019-05-30,20190430,20190729,0,276.0,96.0
262,피터팬: 후크 선장과 결투의 날,피터팬 후크 선장과 결투의 날,2019-05-30,20190430,20190729,0,131.0,115.0
263,나는 원래 대전에서 로맨틱 코미디를 찍으려고 했었다,나는 원래 대전에서 로맨틱 코미디를 찍으려고 했었다,2019-06-01,20190502,20190731,0,80.0,20.0
264,죄와 벌,영국 영화 죄와 벌,2019-06-04,20190505,20190803,0,49.0,0.0
265,플레이 오어 다이,플레이 오어 다이,2019-06-04,20190505,20190803,0,36.0,21.0
266,로켓맨,영화 로켓맨,2019-06-05,20190506,20190804,0,1697.0,624.0
267,엑스맨: 다크 피닉스,엑스맨 다크 피닉스,2019-06-05,20190506,20190804,0,3197.0,2712.0
268,글로리아 벨,글로리아 벨,2019-06-06,20190507,20190805,0,336.0,268.0
269,닥치고 피아노!,영화 닥치고 피아노,2019-06-06,20190507,20190805,0,145.0,28.0
270,빅샤크2 : 해저2만리,빅샤크2 해저2만리,2019-06-06,20190507,20190805,0,129.0,100.0
271,폴라로이드,영화 폴라로이드,2019-06-06,20190507,20190805,0,1304.0,86.0
272,하나레이 베이,하나레이 베이,2019-06-06,20190507,20190805,0,318.0,317.0
273,공포의 신생아실,공포의 신생아실,2019-06-10,20190511,20190809,0,49.0,7.0
274,엘프: 사탄의 인형,엘프 사탄의 인형,2019-06-10,20190511,20190809,0,5.0,2.0
275,맨 인 블랙: 인터내셔널,맨 인 블랙 인터내셔널,2019-06-12,20190513,20190811,0,2237.0,1913.0
276,파라노말 액티비티: 드림하우스,파라노말 액티비티 드림하우스,2019-06-12,20190513,20190811,0,18.0,11.0
277,극장판 오소마츠 6쌍둥이,극장판 오소마츠 6쌍둥이,2019-06-13,20190514,20190812,0,167.0,134.0
278,블랙 47,영화 블랙 47,2019-06-13,20190514,20190812,0,649.0,9.0
279,세상을 바꾼 변호인,세상을 바꾼 변호인,2019-06-13,20190514,20190812,0,879.0,810.0
280,업사이드,영화 업사이드,2019-06-13,20190514,20190812,0,737.0,236.0
281,엘리펀트킹 덤보,엘리펀트킹 덤보,2019-06-13,20190514,20190812,0,114.0,88.0
282,천로역정: 천국을 찾아서,천로역정 천국을 찾아서,2019-06-13,20190514,20190812,0,433.0,390.0
283,체 게바라: 1부 아르헨티나,체 게바라 1부 아르헨티나,2019-06-13,20190514,20190812,0,116.0,100.0
284,체 게바라: 2부 게릴라,체 게바라 2부 게릴라,2019-06-13,20190514,20190812,0,105.0,88.0
285,클로즈 에너미,클로즈 에너미,2019-06-13,20190514,20190812,0,25.0,17.0
286,평일 오후 3시의 연인,평일 오후 3시의 연인,2019-06-13,20190514,20190812,0,979.0,302.0
287,지구 최후의 날 2019,지구 최후의 날 2019,2019-06-14,20190515,20190813,0,19.0,19.0
288,롱 리브 더 킹: 목포 영웅,롱 리브 더 킹 목포 영웅,2019-06-19,20190520,20190818,0,2126.0,574.0
289,검은 여름,검은 여름,2019-06-20,20190521,20190819,0,23509.0,126.0
290,북클럽,영화 북클럽,2019-06-20,20190521,20190819,0,797.0,111.0
291,비블리아 고서당 사건수첩,영화 비블리아 고서당 사건수첩,2019-06-20,20190521,20190819,0,114.0,25.0
292,사탄의 인형,사탄의 인형 2019,2019-06-20,20190521,20190819,0,414.0,45.0
293,쓰리 세컨즈,영화 쓰리 세컨즈,2019-06-20,20190521,20190819,0,222.0,65.0
294,에움길,영화 에움길,2019-06-20,20190521,20190819,0,251.0,79.0
295,완벽한 살인,영화 완벽한 살인,2019-06-20,20190521,20190819,0,2148.0,6.0
296,토이 스토리 4,토이 스토리 4,2019-06-20,20190521,20190819,0,18376.0,17748.0
297,퍼펙트 타겟,퍼펙트 타겟,2019-06-20,20190521,20190819,0,225.0,118.0
298,하우스 오브 투모로우,하우스 오브 투모로우,2019-06-20,20190521,20190819,0,164.0,99.0
299,해피엔드,해피엔드 2017,2019-06-20,20190521,20190819,0,88.0,5.0
300,행복한 라짜로,행복한 라짜로,2019-06-20,20190521,20190819,0,458.0,425.0
301,마담 싸이코,마담 싸이코,2019-06-26,20190527,20190825,0,762.0,721.0
302,비스트,영화 비스트,2019-06-26,20190527,20190825,0,1981.0,573.0
303,애나벨 집으로,애나벨 집으로,2019-06-26,20190527,20190825,0,1214.0,1000.0
304,존 윅 3: 파라벨룸,존 윅 3 파라벨룸,2019-06-26,20190527,20190825,0,2227.0,1442.0
305,쁘띠 아만다,쁘띠 아만다,2019-06-27,20190528,20190826,0,230.0,213.0
306,사범,영화 사범,2019-06-27,20190528,20190826,0,1113.0,6.0
307,솔져스 메모리,솔져스 메모리,2019-06-27,20190528,20190826,0,1.0,1.0
308,스트롱거,영화 스트롱거,2019-06-27,20190528,20190826,0,179.0,54.0
309,트리트 미 라이크 파이어,트리트 미 라이크 파이어,2019-06-27,20190528,20190826,0,119.0,108.0
310,라이딩 업힐,영화 라이딩 업힐,2019-06-28,20190529,20190827,0,73.0,3.0
311,걸작,영화 걸작,2019-07-01,20190601,20190830,0,3857.0,42.0
312,생사결,영화 생사결 2017,2019-07-01,20190601,20190830,0,3.0,0.0
313,컨저링 하우스,컨저링 하우스,2019-07-01,20190601,20190830,0,83.0,3.0
314,쿵푸 파이터,영화 쿵푸 파이터,2019-07-01,20190601,20190830,0,43.0,0.0
315,스파이더맨: 파 프롬 홈,스파이더맨 파프롬홈,2019-07-02,20190602,20190831,0,12738.0,10631.0
316,귀신의 향기,귀신의 향기,2019-07-03,20190603,20190901,0,1562.0,124.0
317,13년의 공백,13년의 공백,2019-07-04,20190604,20190902,0,410.0,238.0
318,갤버스턴,갤버스턴,2019-07-04,20190604,20190902,0,374.0,371.0
319,동명이인 프로젝트 시즌2,동명이인 프로젝트 시즌2,2019-07-04,20190604,20190902,0,32.0,18.0
320,머메이드: 죽음의 호수,머메이드 죽음의 호수,2019-07-04,20190604,20190902,0,29.0,22.0
321,별의 정원,별의 정원,2019-07-04,20190604,20190902,0,14417.0,239.0
322,칠드런 액트,칠드런 액트,2019-07-04,20190604,20190902,0,740.0,703.0
323,한낮의 피크닉,한낮의 피크닉,2019-07-04,20190604,20190902,0,625.0,249.0
324,기방도령,기방도령,2019-07-10,20190610,20190908,0,1444.0,1308.0
325,진범,영화 진범,2019-07-10,20190610,20190908,0,1392.0,362.0
326,극장판 엉덩이 탐정: 화려한 사건 수첩,엉덩이 탐정 화려한 사건 수첩,2019-07-11,20190611,20190909,0,321.0,253.0
327,난폭한 기록,난폭한 기록,2019-07-11,20190611,20190909,0,3998.0,260.0
328,마리아 칼라스: 세기의 디바,마리아 칼라스 세기의 디바,2019-07-11,20190611,20190909,0,238.0,187.0
329,우리는 언제나 성에 살았다,우리는 언제나 성에 살았다,2019-07-11,20190611,20190909,0,675.0,237.0
330,조,영화 zoe,2019-07-11,20190611,20190909,0,313.0,23.0
331,죽음을 거스른 사나이,죽음을 거스른 사나이,2019-07-11,20190611,20190909,0,35.0,34.0
332,벤트: 마약의 도시,벤트 마약의 도시,2019-07-12,20190612,20190910,0,32.0,26.0
333,나이트메어 시네마,나이트메어 시네마,2019-07-17,20190617,20190915,0,225.0,207.0
334,라이온 킹,라이온킹 2019,2019-07-17,20190617,20190915,0,4507.0,434.0
335,사일런스,영화 사일런스,2019-07-17,20190617,20190915,0,618.0,177.0
336,극장판 샤이닝스타:새로운 루나퀸의 탄생!,샤이닝스타 새로운 루나퀸의 탄생,2019-07-18,20190618,20190916,0,212.0,180.0
337,꼬마 물고기 이자벨: 바다 대모험,꼬마 물고기 이자벨,2019-07-18,20190618,20190916,0,153.0,129.0
338,발광하는 현대사,발광하는 현대사,2019-07-18,20190618,20190916,0,90.0,81.0
339,수영장으로 간 남자들,수영장으로 간 남자들,2019-07-18,20190618,20190916,0,1153.0,425.0
340,이케아 옷장에서 시작된 특별난 여행,이케아 옷장에서 시작된 특별난 여행,2019-07-18,20190618,20190916,0,497.0,303.0
341,인크레더블 손오공,인크레더블 손오공,2019-07-18,20190618,20190916,0,17.0,13.0
342,상간녀 살인사건,상간녀 살인사건,2019-07-23,20190623,20190921,0,19.0,2.0
343,나랏말싸미,영화 나랏말싸미,2019-07-24,20190624,20190922,0,4033.0,1660.0
344,롱 샷,롱 샷,2019-07-24,20190624,20190922,0,9552.0,947.0
345,명탐정 코난: 감청의 권,명탐정 코난 감청의 권,2019-07-24,20190624,20190922,0,1001.0,609.0
346,굿바이 썸머,굿바이 썸머,2019-07-25,20190625,20190923,0,690.0,578.0
347,그녀들을 도와줘,그녀들을 도와줘,2019-07-25,20190625,20190923,0,5402.0,125.0
348,돈 워리,돈 워리,2019-07-25,20190625,20190923,0,1834.0,1820.0
349,레드슈즈,레드슈즈,2019-07-25,20190625,20190923,0,2727.0,2686.0
350,매니페스토,영화 매니페스토,2019-07-25,20190625,20190923,0,94.0,10.0
351,무간도 외전,무간도 외전,2019-07-25,20190625,20190923,0,29.0,19.0
352,주전장,주전장,2019-07-25,20190625,20190923,0,1374.0,1360.0
353,지구 최후의 밤,지구 최후의 밤,2019-07-25,20190625,20190923,0,1190.0,254.0
354,캘리포니아 타이프라이터,캘리포니아 타이프라이터,2019-07-25,20190625,20190923,0,54.0,52.0
355,쿵푸몬스터: 무림괴수전,쿵푸몬스터 무림괴수전,2019-07-25,20190625,20190923,0,25.0,25.0
356,파리 에듀케이션,파리 에듀케이션,2019-07-25,20190625,20190923,0,69.0,40.0
357,데드 돈 다이,데드 돈 다이,2019-07-31,20190701,20190929,0,546.0,455.0
358,마이펫의 이중생활 2,마이펫의 이중생활2,2019-07-31,20190701,20190929,0,2517.0,2224.0
359,사자,영화 사자,2019-07-31,20190701,20190929,0,16197.0,2977.0
360,엑시트,영화 엑시트,2019-07-31,20190701,20190929,0,17365.0,6638.0
361,누구나 아는 비밀,누구나 아는 비밀,2019-08-01,20190702,20190930,0,6307.0,519.0
362,동경,영화 동경,2019-08-01,20190702,20190930,0,4897.0,16.0
363,알랭 뒤카스: 위대한 여정,알랭 뒤카스 위대한 여정,2019-08-01,20190702,20190930,0,149.0,143.0
364,워파이터,영화 워파이터,2019-08-01,20190702,20190930,0,78.0,2.0
365,도신 외전,도신 외전,2019-08-05,20190706,20191004,0,25.0,17.0
366,봉오동 전투,봉오동 전투,2019-08-07,20190708,20191006,0,12220.0,11140.0
367,앵그리 버드 2: 독수리 왕국의 침공,영화 앵그리버드 2,2019-08-07,20190708,20191006,0,749.0,70.0
368,캐리tv 러브콘서트 더 무비,캐리tv 러브콘서트 더 무비,2019-08-07,20190708,20191006,0,237.0,111.0
369,김복동,영화 김복동,2019-08-08,20190709,20191007,0,1857.0,1078.0
370,나는 예수님이 싫다,나는 예수님이 싫다,2019-08-08,20190709,20191007,0,609.0,137.0
371,앨리스 죽이기,앨리스 죽이기,2019-08-08,20190709,20191007,0,315.0,248.0
372,호크니,영화 호크니,2019-08-08,20190709,20191007,0,962.0,159.0
373,쥬,영화 쥬 2018,2019-08-13,20190714,20191012,0,76.0,0.0
374,더 바이 바이 맨,더 바이 바이 맨,2019-08-14,20190715,20191013,0,378.0,29.0
375,분노의 질주: 홉스&쇼,분노의 질주 홉스&쇼,2019-08-14,20190715,20191013,0,4497.0,2429.0
376,"안녕, 티라노: 영원히, 함께",안녕 티라노,2019-08-14,20190715,20191013,0,1594.0,624.0
377,원더랜드,영화 원더랜드,2019-08-14,20190715,20191013,0,630.0,129.0
378,인면어: 저주의 시작,인면어 저주의 시작,2019-08-14,20190715,20191013,0,103.0,86.0
379,투모로우 2019: 지구 대 빙하기,투모로우 2019,2019-08-14,20190715,20191013,0,789.0,13.0
380,밤의 문이 열린다,밤의 문이 열린다,2019-08-15,20190716,20191014,0,1875.0,289.0
381,사랑의 선물,영화 사랑의 선물,2019-08-15,20190716,20191014,0,184.0,78.0
382,수상한 교수,수상한 교수,2019-08-15,20190716,20191014,0,14618.0,280.0
383,암전,영화 암전,2019-08-15,20190716,20191014,0,1052.0,335.0
384,이타미 준의 바다,이타미 준의 바다,2019-08-15,20190716,20191014,0,729.0,596.0
385,지구 공룡 대탐험,지구 공룡 대탐험,2019-08-15,20190716,20191014,0,142.0,133.0
386,딥 스페이스: 외계접촉,딥스페이스 외계접촉,2019-08-16,20190717,20191015,0,4.0,4.0
387,메시지 맨,메시지 맨,2019-08-19,20190720,20191018,0,6549.0,5.0
388,광대들: 풍문조작단,광대들 풍문조작단,2019-08-21,20190722,20191020,0,1292.0,1092.0
389,룩 어웨이,룩 어웨이,2019-08-21,20190722,20191020,0,234.0,132.0
390,변신,영화 변신,2019-08-21,20190722,20191020,0,14705.0,1749.0
391,블루스 인 인디아,블루스 인 인디아,2019-08-21,20190722,20191020,0,38.0,30.0
392,감염: 지구 최후의 날,감염 지구 최후의 날,2019-08-22,20190723,20191021,0,2.0,2.0
393,나만 없어 고양이,나만 없어 고양이,2019-08-22,20190723,20191021,0,2379.0,333.0
394,당나귀 공주,당나귀 공주,2019-08-22,20190723,20191021,0,329.0,46.0
395,도심속의 방,도심속의 방,2019-08-22,20190723,20191021,0,2481.0,6.0
396,디터 람스,영화 디터람스,2019-08-22,20190723,20191021,0,198.0,54.0
397,라라와 움직이는 비밀의 숲,라라와 움직이는 비밀의 숲,2019-08-22,20190723,20191021,0,75.0,70.0
398,로슈포르의 숙녀들,로슈포르의 숙녀들,2019-08-22,20190723,20191021,0,58.0,55.0
399,롤라,영화 롤라 2019,2019-08-22,20190723,20191021,0,121.0,0.0
400,애프터,영화 애프터,2019-08-22,20190723,20191021,0,2307.0,284.0
401,우리집,영화 우리집,2019-08-22,20190723,20191021,0,22064.0,516.0
402,청춘 돼지는 꿈꾸는 소녀의 꿈을 꾸지 않는다,청춘 돼지는 꿈꾸는 소녀의 꿈을 꾸지 않는다,2019-08-22,20190723,20191021,0,401.0,131.0
403,커런트 워,커런트 워,2019-08-22,20190723,20191021,0,1350.0,1004.0
404,건달티처,건달티처,2019-08-26,20190727,20191025,0,25.0,24.0
405,47미터 2,47미터 2,2019-08-28,20190729,20191027,0,1420.0,1185.0
406,동키 킹,동키 킹,2019-08-28,20190729,20191027,0,114.0,81.0
407,블라인드 멜로디,블라인드 멜로디,2019-08-28,20190729,20191027,0,633.0,439.0
408,안나,영화 안나,2019-08-28,20190729,20191027,0,4769.0,462.0
409,유열의 음악앨범,유열의 음악앨범,2019-08-28,20190729,20191027,0,6191.0,6116.0
410,인비저블 위트니스,인비저블 위트니스,2019-08-28,20190729,20191027,0,73.0,65.0
411,벌새,영화 벌새,2019-08-29,20190730,20191028,0,3344.0,1297.0
412,불빛 아래서,영화 불빛 아래서,2019-08-29,20190730,20191028,0,2441.0,21.0
413,후로티로봇 극장판,후로티로봇 극장판,2019-08-29,20190730,20191028,0,65.0,61.0
414,갈까부다,영화 갈까부다,2019-09-01,20190802,20191031,0,29.0,6.0
415,고봉수 감독 단편선,고봉수 감독 단편선,2019-09-01,20190802,20191031,0,10.0,8.0
416,9월의 사랑과 만날때까지,9월의 사랑과 만날때까지,2019-09-04,20190805,20191103,0,64.0,11.0
417,그것: 두 번째 이야기,그것 두 번째 이야기,2019-09-04,20190805,20191103,0,2308.0,1219.0
418,극장판 헬로카봇 : 달나라를 구해줘!,극장판 헬로카봇 달나라를 구해줘,2019-09-04,20190805,20191103,0,1196.0,616.0
419,틴 스피릿,틴 스피릿,2019-09-04,20190805,20191103,0,358.0,352.0
420,갱스터 파라다이스,영화 갱스터 파라다이스,2019-09-05,20190806,20191104,0,11.0,1.0
421,"동물, 원","영화 동물, 원",2019-09-05,20190806,20191104,0,3473.0,81.0
422,사이코패스,영화 사이코패스,2019-09-05,20190806,20191104,0,1413.0,3.0
423,아빠는 딸,영화 아빠는 딸,2019-09-05,20190806,20191104,0,1900.0,8.0
424,안녕 베일리,안녕 베일리,2019-09-05,20190806,20191104,0,1866.0,769.0
425,오만,오만,2019-09-05,20190806,20191104,0,40394.0,40383.0
426,폭설,영화 폭설,2019-09-05,20190806,20191104,0,478.0,28.0
427,침입자들,영화 침입자들,2019-09-10,20190811,20191109,0,97.0,9.0
428,극장판 반지의 비밀일기,극장판 반지의 비밀일기,2019-09-11,20190812,20191110,0,256.0,200.0
429,나쁜 녀석들: 더 무비,나쁜 녀석들 더 무비,2019-09-11,20190812,20191110,0,3692.0,1799.0
430,오토의 클래식 음악여행,오토의 클래식 음악여행,2019-09-11,20190812,20191110,0,2.0,2.0
431,지구 침공의 날 2019,지구 침공의 날 2019,2019-09-11,20190812,20191110,0,11.0,3.0
432,타짜: 원 아이드 잭,타짜 원 아이드 잭,2019-09-11,20190812,20191110,0,3748.0,2290.0
433,플레이모빌: 더 무비,플레이모빌 더 무비,2019-09-11,20190812,20191110,0,285.0,228.0
434,"힘을 내요, 미스터 리",힘을 내요 미스터 리,2019-09-11,20190812,20191110,0,3128.0,1706.0
435,100일동안 100가지로 100퍼센트 행복찾기,100일동안 100가지로 100퍼센트 행복찾기,2019-09-12,20190813,20191111,0,436.0,397.0
436,파라노말 액티비티 2019,파라노말 액티비티 2019,2019-09-17,20190818,20191116,0,20.0,1.0
437,예스터데이,영화 예스터데이,2019-09-18,20190819,20191117,0,1955.0,805.0
438,디스트로이어,디스트로이어,2019-09-19,20190820,20191118,0,890.0,883.0
439,발명왕 볼트,발명왕 볼트,2019-09-19,20190820,20191118,0,109.0,97.0
440,뷰티풀 보이,뷰티풀 보이,2019-09-19,20190820,20191118,0,507.0,497.0
441,비뚤어진 집,비뚤어진 집,2019-09-19,20190820,20191118,0,292.0,291.0
442,애드 아스트라,애드 아스트라,2019-09-19,20190820,20191118,0,2707.0,2630.0
443,언더 더 실버레이크,언더 더 실버레이크,2019-09-19,20190820,20191118,0,201.0,161.0
444,더 룸,영화 더 룸,2019-09-25,20190826,20191124,0,18627.0,181.0
445,레플리카,영화 레플리카,2019-09-25,20190826,20191124,0,619.0,196.0
446,미드 90,미드 90,2019-09-25,20190826,20191124,0,2954.0,574.0
447,앳 퍼스트 라이트,앳 퍼스트 라이트,2019-09-25,20190826,20191124,0,47.0,40.0
448,양자물리학,영화 양자물리학,2019-09-25,20190826,20191124,0,2020.0,734.0
449,원스 어폰 어 타임... 인 할리우드,원스 어폰 어 타임 인 할리우드,2019-09-25,20190826,20191124,0,2219.0,2064.0
450,장사리: 잊혀진 영웅들,장사리 잊혀진 영웅들,2019-09-25,20190826,20191124,0,2052.0,1885.0
451,CIA 데빌헌터,CIA 데빌헌터,2019-09-26,20190827,20191125,0,8.0,7.0
452,마왕의 딸 이리샤,마왕의 딸 이리샤,2019-09-26,20190827,20191125,0,255.0,211.0
453,메기,영화 메기,2019-09-26,20190827,20191125,0,1954.0,528.0
454,슈퍼 햄찌,슈퍼 햄찌,2019-09-26,20190827,20191125,0,118.0,76.0
455,스페셜 솔져,스페셜 솔져,2019-09-26,20190827,20191125,0,57.0,27.0
456,아워 바디,아워 바디,2019-09-26,20190827,20191125,0,1502.0,589.0
457,애월,영화 애월,2019-09-26,20190827,20191125,0,1059.0,38.0
458,와인스타인,와인스타인,2019-09-26,20190827,20191125,0,280.0,277.0
459,체인지 오버,체인지 오버,2019-09-26,20190827,20191125,0,1077.0,107.0
460,헬로우 평양,헬로우 평양,2019-09-26,20190827,20191125,0,60.0,52.0
461,가장 보통의 연애,가장 보통의 연애,2019-10-02,20190902,20191201,0,8093.0,6048.0
462,소피와 드래곤: 마법책의 비밀,소피와 드래곤 마법책의 비밀,2019-10-02,20190902,20191201,0,176.0,160.0
463,조커,영화 조커,2019-10-02,20190902,20191201,0,21610.0,7785.0
464,테러 라이브: 싸이코패스,테러 라이브 싸이코패스,2019-10-02,20190902,20191201,0,7.0,0.0
465,퍼펙트맨,퍼펙트맨,2019-10-02,20190902,20191201,0,2829.0,2784.0
466,홍금보의 라이프타임 트레저,홍금보의 라이프타임 트레저,2019-10-02,20190902,20191201,0,25.0,25.0
467,계절과 계절 사이,계절과 계절 사이,2019-10-03,20190903,20191202,0,243.0,240.0
468,나의 노래는 멀리멀리,나의 노래는 멀리멀리,2019-10-03,20190903,20191202,0,26718.0,173.0
469,몬스터 하우스,몬스터 하우스 2019,2019-10-03,20190903,20191202,0,63.0,4.0
470,미드소마,미드소마,2019-10-03,20190903,20191202,0,640.0,636.0
471,오션스: 문어구출대작전,오션스 문어구출대작전,2019-10-03,20190903,20191202,0,61.0,57.0
472,트루 시크릿,트루 시크릿,2019-10-03,20190903,20191202,0,324.0,214.0
473,우주전쟁 2019,우주전쟁 2019,2019-10-04,20190904,20191203,0,104.0,0.0
474,적인걸 5: 측천무후 지유명도,적인걸 5 측천무후 지유명도,2019-10-08,20190908,20191207,0,16.0,14.0
475,디어 마이 프렌드,디어 마이 프렌드,2019-10-09,20190909,20191208,0,222.0,218.0
476,수상한 이웃,수상한 이웃,2019-10-09,20190909,20191208,0,273.0,261.0
477,잃어버린 세계를 찾아서,잃어버린 세계를 찾아서,2019-10-09,20190909,20191208,0,275.0,272.0
478,제미니 맨,제미니 맨,2019-10-09,20190909,20191208,0,1618.0,1179.0
479,쿵푸 보이,쿵푸 보이,2019-10-09,20190909,20191208,0,248.0,117.0
480,판소리 복서,판소리 복서,2019-10-09,20190909,20191208,0,692.0,661.0
481,여배우들의 티타임,여배우들의 티타임,2019-10-10,20190910,20191209,0,108.0,96.0
482,여수 밤바다,영화 여수 밤바다,2019-10-10,20190910,20191209,0,314.0,13.0
483,열두 번째 용의자,열두 번째 용의자,2019-10-10,20190910,20191209,0,295.0,285.0
484,헤드헌터,영화 헤드헌터,2019-10-10,20190910,20191209,0,84.0,9.0
485,첫잔처럼,첫잔처럼,2019-10-11,20190911,20191210,0,42320.0,85.0
486,너를 만난 여름,너를 만난 여름,2019-10-16,20190916,20191215,0,1559.0,523.0
487,버티고,영화 버티고,2019-10-16,20190916,20191215,0,3352.0,291.0
488,어벤져스 오브 저스티스,어벤져스 오브 저스티스,2019-10-16,20190916,20191215,0,68.0,1.0
489,콘택트: 지구 최후의 날,콘택트 지구 최후의 날,2019-10-16,20190916,20191215,0,4.0,3.0
490,고골: 악령과의 전쟁,고골 악령과의 전쟁,2019-10-17,20190917,20191216,0,20.0,16.0
491,꼬마 자전거 스피디,꼬마 자전거 스피디,2019-10-17,20190917,20191216,0,81.0,77.0
492,두번할까요,두번할까요,2019-10-17,20190917,20191216,0,27857.0,940.0
493,리메모리-기억추출,리메모리 기억추출,2019-10-17,20190917,20191216,0,26.0,25.0
494,말레피센트 2,말레피센트 2,2019-10-17,20190917,20191216,0,5178.0,3894.0
495,북간도의 십자가,북간도의 십자가,2019-10-17,20190917,20191216,0,147.0,114.0
496,신문기자,영화 신문기자,2019-10-17,20190917,20191216,0,243.0,203.0
497,오늘도 위위,오늘도 위위,2019-10-17,20190917,20191216,0,225.0,106.0
498,와일드 로즈,영화 와일드 로즈,2019-10-17,20190917,20191216,0,352.0,160.0
499,재혼의 기술,재혼의 기술,2019-10-17,20190917,20191216,0,825.0,157.0
500,카르텔 2045,카르텔 2045,2019-10-17,20190917,20191216,0,2.0,2.0
501,당문,영화 당문,2019-10-21,20190921,20191220,0,24.0,4.0
502,82년생 김지영,82년생 김지영,2019-10-23,20190923,20191222,0,21604.0,21093.0
503,람보: 라스트 워,람보 라스트워,2019-10-23,20190923,20191222,0,682.0,625.0
504,빅트립: 아기팬더 배달 대모험,빅트립,2019-10-23,20190923,20191222,0,253.0,250.0
505,체크 히어로,체크 히어로,2019-10-23,20190923,20191222,0,2712.0,122.0
506,경계선,영화 경계선,2019-10-24,20190924,20191223,0,1791.0,210.0
507,그 옛날 집,영화 그 옛날 집,2019-10-24,20190924,20191223,0,149.0,0.0
508,버스데이 원더랜드,버스데이 원더랜드,2019-10-24,20190924,20191223,0,67.0,52.0
509,스노우 화이트,스노우 화이트,2019-10-24,20190924,20191223,0,3651.0,3635.0
510,시크릿 슈퍼스타,시크릿 슈퍼스타,2019-10-24,20190924,20191223,0,324.0,233.0
511,워 이베이젼,워 이베이젼,2019-10-24,20190924,20191223,0,3.0,3.0
512,퍼펙트 스트레인저,퍼펙트 스트레인저,2019-10-24,20190924,20191223,0,126.0,124.0
513,날씨의 아이,날씨의 아이,2019-10-30,20190930,20191229,0,298492.0,4450.0
514,니나 내나,영화 니나 내나,2019-10-30,20190930,20191229,0,307.0,84.0
515,빅 2: 황금열쇠 대소동,빅 2 황금열쇠 대소동,2019-10-30,20190930,20191229,0,177.0,93.0
516,빅 위시,빅 위시,2019-10-30,20190930,20191229,0,751.0,122.0
517,사선의 끝,사선의 끝,2019-10-30,20190930,20191229,0,4597.0,35.0
518,엔젤 오브 마인,엔젤 오브 마인,2019-10-30,20190930,20191229,0,225.0,206.0
519,쿠엔틴 타란티노 8,영화 쿠엔틴 타란티노,2019-10-30,20190930,20191229,0,1404.0,49.0
520,터미네이터: 다크 페이트,터미네이터 다크페이트,2019-10-30,20190930,20191229,0,4838.0,4445.0
521,프렌드 존,프렌드 존,2019-10-30,20190930,20191229,0,771.0,268.0
522,하이 라이프,영화 하이 라이프,2019-10-30,20190930,20191229,0,157.0,39.0
523,"오늘, 우리",영화 오늘 우리,2019-10-31,20191001,20191230,0,1948.0,22.0
524,우먼 인 할리우드,우먼 인 할리우드,2019-10-31,20191001,20191230,0,447.0,322.0
525,웰컴 투 스웨덴,웰컴 투 스웨덴,2019-10-31,20191001,20191230,0,28.0,3.0
526,텔 잇 투 더 비즈,텔 잇 투 더 비즈,2019-10-31,20191001,20191230,0,76.0,67.0
527,가족이 되기까지,영화 가족이 되기까지,2019-11-01,20191002,20191231,0,11860.0,9.0
528,레드 사이렌,영화 레드 사이렌,2019-11-01,20191002,20191231,0,78.0,2.0
529,아직 지나지 않은 여름,아직 지나지 않은 여름,2019-11-01,20191002,20191231,0,1532.0,9.0
530,닥터 슬립,닥터 슬립,2019-11-07,20191008,20200106,0,1033.0,1025.0
531,더 빌리지,영화 더 빌리지,2019-11-07,20191008,20200106,0,100.0,28.0
532,몬스터,중국 영화 몬스터,2019-11-07,20191008,20200106,0,445.0,1.0
533,신의 한 수: 귀수편,신의 한 수 귀수편,2019-11-07,20191008,20200106,0,3250.0,1073.0
534,열여섯의 봄,열여섯의 봄,2019-11-07,20191008,20200106,0,482.0,96.0
535,왓 데이 해드,왓 데이 해드,2019-11-07,20191008,20200106,0,204.0,172.0
536,졸업,영화 졸업 2018,2019-11-07,20191008,20200106,0,8.0,0.0
537,캔 유 킵 어 시크릿?,캔 유 킵 어 시크릿,2019-11-07,20191008,20200106,0,254.0,181.0
538,타이페이 스토리,타이페이 스토리,2019-11-07,20191008,20200106,0,915.0,191.0
539,패트와 매트: 우당탕탕 크리스마스,패트와 매트 우당탕탕 크리스마스,2019-11-07,20191008,20200106,0,169.0,156.0
540,드레드아웃,영화 드레드 아웃,2019-11-12,20191013,20200111,0,27.0,4.0
541,블랙 머니,블랙 머니,2019-11-13,20191014,20200112,0,5973.0,5905.0
542,어쩌다 룸 메이트,어쩌다 룸메이트,2019-11-13,20191014,20200112,0,421.0,235.0
543,엔젤 해즈 폴른,엔젤 해즈 폴른,2019-11-13,20191014,20200112,0,865.0,835.0
544,좀비랜드: 더블 탭,좀비랜드 더블 탭,2019-11-13,20191014,20200112,0,956.0,868.0
545,귀권,영화 귀권,2019-11-14,20191015,20200113,0,12.0,4.0
546,늑대의 아이들,늑대의 아이들,2019-11-14,20191015,20200113,0,4379.0,60.0
547,대통령의 7시간,대통령의 7시간,2019-11-14,20191015,20200113,0,1221.0,356.0
548,더 컨덕터,더 컨덕터,2019-11-14,20191015,20200113,0,439.0,209.0
549,마법안개의 비밀: 황금 보물선을 찾아라,마법 안개의 비밀,2019-11-14,20191015,20200113,0,481.0,12.0
550,삽질,영화 삽질,2019-11-14,20191015,20200113,0,1097.0,308.0
551,심판,영화 심판,2019-11-14,20191015,20200113,0,6177.0,109.0
552,영하의 바람,영하의 바람,2019-11-14,20191015,20200113,0,11513.0,270.0
553,울프 특공대,울프 특공대,2019-11-14,20191015,20200113,0,21.0,6.0
554,윤희에게,윤희에게,2019-11-14,20191015,20200113,0,4527.0,3091.0
555,카메라를 멈추면 안 돼! 스핀오프: 할리우드 대작전,카메라를 멈추면 안돼 스핀오프 할리우드 대작전,2019-11-14,20191015,20200113,0,80.0,8.0
556,캡티브 스테이트,캡티브 스테이트,2019-11-14,20191015,20200113,0,115.0,112.0
557,헬로 몽키,헬로 몽키,2019-11-14,20191015,20200113,0,119.0,76.0
558,알카트라즈: 죽음의 수용소,알카트라즈 죽음의 수용소,2019-11-15,20191016,20200114,0,1.0,1.0
559,겨울왕국 2,겨울왕국 2,2019-11-21,20191022,20200120,0,75550.0,46542.0
560,시빌,영화 시빌,2019-11-21,20191022,20200120,0,1069.0,65.0
561,아빠는 예쁘다,아빠는 예쁘다,2019-11-21,20191022,20200120,0,1686.0,70.0
562,어제 일은 모두 괜찮아,어제 일은 모두 괜찮아,2019-11-21,20191022,20200120,0,396.0,187.0
563,얼굴없는 보스,얼굴없는 보스,2019-11-21,20191022,20200120,0,3709.0,348.0
564,접전: 갑을 전쟁,접전 갑을 전쟁,2019-11-21,20191022,20200120,0,58.0,54.0
565,코끼리는 그곳에 있어,코끼리는 그곳에 있어,2019-11-21,20191022,20200120,0,532.0,156.0
566,크리미널: 해튼가든,크리미널 해튼가든,2019-11-21,20191022,20200120,0,26.0,26.0
567,프란치스코 교황: 맨 오브 히스 워드,프란치스코 교황 맨 오브 히스 워드,2019-11-21,20191022,20200120,0,185.0,156.0
568,헤로니모,영화 헤로니모,2019-11-21,20191022,20200120,0,194.0,84.0
569,해킹 헌터: 마인드 컨트롤,해킹 헌터 마인드 컨트롤,2019-11-22,20191023,20200121,0,3.0,3.0
570,나를 찾아줘,나를 찾아줘,2019-11-27,20191028,20200126,0,3388.0,3328.0
571,러브 앳,러브 앳,2019-11-27,20191028,20200126,0,950.0,482.0
572,오피셜 시크릿,오피셜 시크릿,2019-11-27,20191028,20200126,0,275.0,233.0
573,카센타,영화 카센타,2019-11-27,20191028,20200126,0,493.0,146.0
574,크롤,영화 크롤,2019-11-27,20191028,20200126,0,827.0,263.0
575,허슬러,영화 허슬러,2019-11-27,20191028,20200126,0,745.0,262.0
576,녹차의 중력,녹차의 중력,2019-11-28,20191029,20200127,0,170.0,84.0
577,대가리2:학교무림,대가리2 학교무림,2019-11-28,20191029,20200127,0,8.0,8.0
578,분노는 말이 없다,분노는 말이 없다,2019-11-28,20191029,20200127,0,23674.0,20.0
579,삼촌,영화 삼촌,2019-11-28,20191029,20200127,0,4454.0,29.0
580,수퍼 디스코,수퍼 디스코,2019-11-28,20191029,20200127,0,94.0,65.0
581,앵커,영화 앵커,2019-11-28,20191029,20200127,0,1533.0,40.0
582,어메이징 그레이스,영화 어메이징 그레이스,2019-11-28,20191029,20200127,0,162.0,38.0
583,우리를 갈라놓는 것들,우리를 갈라놓는 것들,2019-11-28,20191029,20200127,0,300.0,158.0
584,집 이야기,영화 집 이야기,2019-11-28,20191029,20200127,0,391.0,63.0
585,행동하는 양심 김대중,행동하는 양심 김대중,2019-11-28,20191029,20200127,0,205.0,109.0
586,싸움의 기술,싸움의 기술 2019,2019-11-29,20191030,20200128,0,49.0,7.0
587,포레스트 헌터스 워,포레스트 헌터스 워,2019-12-03,20191103,20200201,0,9.0,7.0
588,감쪽같은 그녀,감쪽같은 그녀,2019-12-04,20191104,20200202,0,1616.0,1542.0
589,나이브스 아웃,나이브스 아웃,2019-12-04,20191104,20200202,0,5099.0,4924.0
590,너의 여자친구,너의 여자친구,2019-12-04,20191104,20200202,0,15399.0,229.0
591,아직 사랑하고 있습니까?,아직 사랑하고 있습니까,2019-12-04,20191104,20200202,0,3963.0,98.0
592,굿 라이어,굿 라이어,2019-12-05,20191105,20200203,0,502.0,344.0
593,극장판 타오르지마 버스터-블랙어썰트의 귀환,극장판 타오르지마 버스터,2019-12-05,20191105,20200203,0,150.0,117.0
594,라스트 크리스마스,영화 라스트 크리스마스,2019-12-05,20191105,20200203,0,1417.0,392.0
595,어웨이크너: 히어로의 탄생,어웨이크너 히어로의 탄생,2019-12-05,20191105,20200203,0,34.0,33.0
596,파비안느에 관한 진실,파비안느에 관한 진실,2019-12-05,20191105,20200203,0,829.0,784.0
597,1944: 인간병기,1944 인간병기,2019-12-06,20191106,20200204,0,1.0,1.0
598,스튜핏 영 하트,스튜핏 영 하트,2019-12-09,20191109,20200207,0,3.0,1.0
599,매리,영화 매리,2019-12-11,20191111,20200209,0,373.0,66.0
600,아내를 죽였다,아내를 죽였다,2019-12-11,20191111,20200209,0,1692.0,757.0
601,쥬만지: 넥스트 레벨,쥬만지 넥스트 레벨,2019-12-11,20191111,20200209,0,1611.0,1540.0
602,1 더하기 3,1 더하기 3,2019-12-12,20191112,20200210,0,6989.0,13.0
603,10년,영화 10년,2019-12-12,20191112,20200210,0,23544.0,74.0
604,그날은 오리라,영화 그날은 오리라,2019-12-12,20191112,20200210,0,42.0,5.0
605,더 보트,영화 더 보트,2019-12-12,20191112,20200210,0,2464.0,3.0
606,더 하우스,영화 더 하우스,2019-12-12,20191112,20200210,0,198.0,20.0
607,드래곤 빌리지,영화 드래곤 빌리지,2019-12-12,20191112,20200210,0,44.0,5.0
608,디아스포라의 노래: 아리랑로드,디아스포라의 노래 아리랑로드,2019-12-12,20191112,20200210,0,48.0,36.0
609,디에고,영화 디에고,2019-12-12,20191112,20200210,0,495.0,51.0
610,라 파미에,영화 라 파미에,2019-12-12,20191112,20200210,0,58.0,13.0
611,라멘 덕후,영화 라멘 덕후,2019-12-12,20191112,20200210,0,109.0,0.0
612,라스트 씬,영화 라스트 씬,2019-12-12,20191112,20200210,0,187.0,12.0
613,사탄의 인형: 상속 받은 저주,사탄의 인형 상속 받은 저주,2019-12-12,20191112,20200210,0,2.0,2.0
614,산타 앤 컴퍼니,산타 앤 컴퍼니,2019-12-12,20191112,20200210,0,215.0,111.0
615,샐린저,영화 샐린저,2019-12-12,20191112,20200210,0,187.0,33.0
616,속물들,영화 속물들,2019-12-12,20191112,20200210,0,740.0,51.0
617,아스테릭스: 마법 물약의 비밀,아스테릭스 마법 물약의 비밀,2019-12-12,20191112,20200210,0,94.0,81.0
618,영화로운 나날,영화로운 나날,2019-12-12,20191112,20200210,0,5794.0,222.0
619,월성,영화 월성,2019-12-12,20191112,20200210,0,458.0,71.0
620,인투 더 애쉬,인투 더 애쉬,2019-12-12,20191112,20200210,0,37.0,17.0
621,카운트 다운,영화 카운트 다운,2019-12-12,20191112,20200210,0,489.0,10.0
622,깡패들,영화 깡패들,2019-12-13,20191113,20200211,0,3136.0,1.0
623,로빈: 살인자의 유혹,로빈 살인자의 유혹,2019-12-16,20191116,20200214,0,16.0,4.0
624,할머니의 고양이 그리고 522걸음의 여행,할머니의 고양이 그리고 522걸음의 여행,2019-12-17,20191117,20200215,0,150.0,4.0
625,시동,영화 시동,2019-12-18,20191118,20200216,0,10297.0,3385.0
626,"미안해요, 리키",미안해요 리키,2019-12-19,20191119,20200217,0,1045.0,950.0
627,백두산,영화 백두산,2019-12-19,20191119,20200217,0,15279.0,5684.0
628,블루 마이 마인드,블루 마이 마인드,2019-12-19,20191119,20200217,0,23.0,18.0
629,신비아파트 극장판: 하늘도깨비 대 요르문간드,신비아파트 극장판: 하늘도깨비 대 요르문간드,2019-12-19,20191119,20200217,0,1022.0,573.0
630,탈출,영화 탈출,2019-12-19,20191119,20200217,0,16863.0,21.0
631,호흡,영화 호흡,2019-12-19,20191119,20200217,0,11679.0,190.0
632,공포의 묘지: 망자의 저주,공포의 묘지 망자의 저주,2019-12-23,20191123,20200221,0,1.0,0.0
633,눈의 여왕4,눈의 여왕4,2019-12-24,20191124,20200222,0,1385.0,382.0
634,캣츠,영화 캣츠,2019-12-24,20191124,20200222,0,4274.0,1684.0
635,프린스 코기,프린스 코기,2019-12-24,20191124,20200222,0,616.0,582.0
636,와일드 라이프,영화 와일드 라이프,2019-12-25,20191125,20200223,0,390.0,96.0
637,"고흐, 영원의 문에서",고흐 영원의 문에서,2019-12-26,20191126,20200224,0,786.0,609.0
638,백두번째 구름,백두 번째 구름,2019-12-26,20191126,20200224,0,87.0,85.0
639,천문: 하늘에 묻는다,천문 하늘에 묻는다,2019-12-26,20191126,20200224,0,3157.0,2705.0
640,미드웨이,영화 미드웨이,2019-12-31,20191201,20200229,0,2653.0,992.0
